831.5,834.2,PSL9_20240603_060000_0609.png,PSL9_20240603_060000
372.7,375.5,PSL9_20240528_050000_0273.png,PSL9_20240528_050000
16.4,19.1,PSL9_20240528_050000_0012.png,PSL9_20240528_050000
551.6,554.4,PSL9_20240528_060000_0404.png,PSL9_20240528_060000
180.2,183.0,PSL9_20240528_050000_0132.png,PSL9_20240528_050000
75.1,77.9,PSL9_20240604_050000_0055.png,PSL9_20240604_050000
50.5,53.3,PSL9_20240630_070000_0037.png,PSL9_20240630_070000
772.8,775.5,PSL9_20240526_070001_0566.png,PSL9_20240526_070001
203.4,206.2,PSL9_20240528_050000_0149.png,PSL9_20240528_050000
42.3,45.1,PSL9_20240528_050000_0031.png,PSL9_20240528_050000
198.0,200.7,PSL9_20240527_060000_0145.png,PSL9_20240527_060000
349.5,352.3,PSL9_20240528_050000_0256.png,PSL9_20240528_050000
570.7,573.5,PSL9_20240528_050000_0418.png,PSL9_20240528_050000
861.5,864.3,PSL9_20240527_060000_0631.png,PSL9_20240527_060000
753.7,756.4,PSL9_20240601_050000_0552.png,PSL9_20240601_050000
828.8,831.5,PSL9_20240527_050000_0607.png,PSL9_20240527_050000
214.4,217.1,PSL9_20240528_050000_0157.png,PSL9_20240528_050000
865.6,868.4,PSL9_20240604_060000_0634.png,PSL9_20240604_060000
334.5,337.3,PSL9_20240528_050000_0245.png,PSL9_20240528_050000
645.8,648.6,PSL9_20240528_050000_0473.png,PSL9_20240528_050000
729.1,731.8,PSL9_20240601_050000_0534.png,PSL9_20240601_050000
293.5,296.3,PSL9_20240621_060000_0215.png,PSL9_20240621_060000
629.4,632.2,PSL9_20240528_060000_0461.png,PSL9_20240528_060000
315.4,318.1,PSL9_20240528_050000_0231.png,PSL9_20240528_050000
562.5,565.3,PSL9_20240528_050000_0412.png,PSL9_20240528_050000
161.1,163.9,PSL9_20240528_050000_0118.png,PSL9_20240528_050000
435.5,438.3,PSL9_20240527_060000_0319.png,PSL9_20240527_060000
588.5,591.2,PSL9_20240528_050000_0431.png,PSL9_20240528_050000
359.1,361.8,PSL9_20240528_050000_0263.png,PSL9_20240528_050000
830.1,832.9,PSL9_20240610_050000_0608.png,PSL9_20240610_050000
454.7,457.4,PSL9_20240528_060000_0333.png,PSL9_20240528_060000
894.3,897.1,PSL9_20240527_050000_0655.png,PSL9_20240527_050000
441.0,443.8,PSL9_20240610_050000_0323.png,PSL9_20240610_050000
492.9,495.6,PSL9_20240528_060000_0361.png,PSL9_20240528_060000
371.4,374.1,PSL9_20240528_050000_0272.png,PSL9_20240528_050000
737.3,740.0,PSL9_20240601_050000_0540.png,PSL9_20240601_050000
237.6,240.3,PSL9_20240528_050000_0174.png,PSL9_20240528_050000
92.8,95.6,PSL9_20240604_050000_0068.png,PSL9_20240604_050000
199.3,202.1,PSL9_20240527_060000_0146.png,PSL9_20240527_060000
600.7,603.5,PSL9_20240528_050000_0440.png,PSL9_20240528_050000
318.1,320.9,PSL9_20240527_060000_0233.png,PSL9_20240527_060000
812.4,815.1,PSL9_20240527_050000_0595.png,PSL9_20240527_050000
66.9,69.7,PSL9_20240604_050000_0049.png,PSL9_20240604_050000
432.8,435.6,PSL9_20240528_050000_0317.png,PSL9_20240528_050000
226.6,229.4,PSL9_20240608_060000_0166.png,PSL9_20240608_060000
46.4,49.2,PSL9_20240605_050000_0034.png,PSL9_20240605_050000
36.9,39.6,PSL9_20240527_070000_0027.png,PSL9_20240527_070000
9.6,12.3,PSL9_20240604_050000_0007.png,PSL9_20240604_050000
821.9,824.7,PSL9_20240528_050000_0602.png,PSL9_20240528_050000
430.1,432.8,PSL9_20240528_060000_0315.png,PSL9_20240528_060000
105.1,107.9,PSL9_20240528_070000_0077.png,PSL9_20240528_070000
143.4,146.1,PSL9_20240605_050000_0105.png,PSL9_20240605_050000
533.8,536.6,PSL9_20240528_060000_0391.png,PSL9_20240528_060000
109.2,112.0,PSL9_20240528_050000_0080.png,PSL9_20240528_050000
450.6,453.3,PSL9_20240527_060000_0330.png,PSL9_20240527_060000
17.7,20.5,PSL9_20240527_050000_0013.png,PSL9_20240527_050000
464.2,467.0,PSL9_20240528_050000_0340.png,PSL9_20240528_050000
533.8,536.6,PSL9_20240528_050000_0391.png,PSL9_20240528_050000
823.3,826.1,PSL9_20240528_050000_0603.png,PSL9_20240528_050000
346.8,349.6,PSL9_20240528_060000_0254.png,PSL9_20240528_060000
553.0,555.7,PSL9_20240528_060000_0405.png,PSL9_20240528_060000
262.1,264.9,PSL9_20240528_050000_0192.png,PSL9_20240528_050000
333.1,335.9,PSL9_20240608_060000_0244.png,PSL9_20240608_060000
865.6,868.4,PSL9_20240603_070000_0634.png,PSL9_20240603_070000
578.9,581.7,PSL9_20240528_060000_0424.png,PSL9_20240528_060000
852.0,854.7,PSL9_20240527_050000_0624.png,PSL9_20240527_050000
604.8,607.6,PSL9_20240528_060000_0443.png,PSL9_20240528_060000
288.1,290.8,PSL9_20240528_050000_0211.png,PSL9_20240528_050000
193.9,196.6,PSL9_20240528_050000_0142.png,PSL9_20240528_050000
670.4,673.1,PSL9_20240622_050000_0491.png,PSL9_20240622_050000
360.4,363.2,PSL9_20240528_050000_0264.png,PSL9_20240528_050000
256.7,259.4,PSL9_20240528_050000_0188.png,PSL9_20240528_050000
83.3,86.0,PSL9_20240528_050000_0061.png,PSL9_20240528_050000
225.3,228.0,PSL9_20240608_060000_0165.png,PSL9_20240608_060000
543.4,546.2,PSL9_20240528_060000_0398.png,PSL9_20240528_060000
614.4,617.2,PSL9_20240528_060000_0450.png,PSL9_20240528_060000
830.1,832.9,PSL9_20240527_050000_0608.png,PSL9_20240527_050000
72.4,75.1,PSL9_20240605_050000_0053.png,PSL9_20240605_050000
813.7,816.5,PSL9_20240528_050000_0596.png,PSL9_20240528_050000
633.5,636.3,PSL9_20240601_070000_0464.png,PSL9_20240601_070000
479.2,482.0,PSL9_20240527_060000_0351.png,PSL9_20240527_060000
628.1,630.8,PSL9_20240528_060000_0460.png,PSL9_20240528_060000
441.0,443.8,PSL9_20240528_050000_0323.png,PSL9_20240528_050000
286.7,289.5,PSL9_20240528_050000_0210.png,PSL9_20240528_050000
572.1,574.8,PSL9_20240528_060000_0419.png,PSL9_20240528_060000
744.1,746.9,PSL9_20240601_050000_0545.png,PSL9_20240601_050000
791.9,794.7,PSL9_20240610_050000_0580.png,PSL9_20240610_050000
91.5,94.2,PSL9_20240604_050000_0067.png,PSL9_20240604_050000
449.2,452.0,PSL9_20240527_060000_0329.png,PSL9_20240527_060000
892.9,895.7,PSL9_20240527_060000_0654.png,PSL9_20240527_060000
17.7,20.5,PSL9_20240528_050000_0013.png,PSL9_20240528_050000
708.6,711.4,PSL9_20240601_050000_0519.png,PSL9_20240601_050000
65.5,68.3,PSL9_20240604_050000_0048.png,PSL9_20240604_050000
36.9,39.6,PSL9_20240528_050000_0027.png,PSL9_20240528_050000
76.5,79.2,PSL9_20240604_050000_0056.png,PSL9_20240604_050000
25.9,28.7,PSL9_20240710_060000_0019.png,PSL9_20240710_060000
374.1,376.9,PSL9_20240528_050000_0274.png,PSL9_20240528_050000
215.7,218.5,PSL9_20240528_050000_0158.png,PSL9_20240528_050000
629.4,632.2,PSL9_20240528_050000_0461.png,PSL9_20240528_050000
783.7,786.5,PSL9_20240610_050000_0574.png,PSL9_20240610_050000
137.9,140.7,PSL9_20240528_050000_0101.png,PSL9_20240528_050000
720.9,723.7,PSL9_20240622_050000_0528.png,PSL9_20240622_050000
397.3,400.1,PSL9_20240528_050000_0291.png,PSL9_20240528_050000
671.7,674.5,PSL9_20240622_050000_0492.png,PSL9_20240622_050000
701.8,704.5,PSL9_20240528_060000_0514.png,PSL9_20240528_060000
38.2,41.0,PSL9_20240528_050000_0028.png,PSL9_20240528_050000
275.8,278.6,PSL9_20240528_050000_0202.png,PSL9_20240528_050000
172.0,174.8,PSL9_20240528_050000_0126.png,PSL9_20240528_050000
752.3,755.1,PSL9_20240527_050000_0551.png,PSL9_20240527_050000
790.5,793.3,PSL9_20240527_050000_0579.png,PSL9_20240527_050000
71.0,73.8,PSL9_20240710_060000_0052.png,PSL9_20240710_060000
460.1,462.9,PSL9_20240528_060000_0337.png,PSL9_20240528_060000
864.3,867.0,PSL9_20240603_070000_0633.png,PSL9_20240603_070000
236.2,239.0,PSL9_20240528_050000_0173.png,PSL9_20240528_050000
319.5,322.2,PSL9_20240611_050000_0234.png,PSL9_20240611_050000
838.3,841.1,PSL9_20240603_060000_0614.png,PSL9_20240603_060000
398.7,401.4,PSL9_20240528_050000_0292.png,PSL9_20240528_050000
512.0,514.8,PSL9_20240528_050000_0375.png,PSL9_20240528_050000
275.8,278.6,PSL9_20240621_060000_0202.png,PSL9_20240621_060000
62.8,65.6,PSL9_20240604_050000_0046.png,PSL9_20240604_050000
395.9,398.7,PSL9_20240528_050000_0290.png,PSL9_20240528_050000
584.4,587.1,PSL9_20240611_050000_0428.png,PSL9_20240611_050000
685.4,688.2,PSL9_20240527_050000_0502.png,PSL9_20240527_050000
424.6,427.4,PSL9_20240528_050000_0311.png,PSL9_20240528_050000
726.4,729.1,PSL9_20240622_050000_0532.png,PSL9_20240622_050000
884.7,887.5,PSL9_20240528_050000_0648.png,PSL9_20240528_050000
719.5,722.3,PSL9_20240531_070000_0527.png,PSL9_20240531_070000
348.2,350.9,PSL9_20240528_050000_0255.png,PSL9_20240528_050000
27.3,30.1,PSL9_20240528_050000_0020.png,PSL9_20240528_050000
827.4,830.1,PSL9_20240603_060000_0606.png,PSL9_20240603_060000
106.5,109.3,PSL9_20240528_070000_0078.png,PSL9_20240528_070000
110.6,113.3,PSL9_20240528_050000_0081.png,PSL9_20240528_050000
279.9,282.7,PSL9_20240527_060000_0205.png,PSL9_20240527_060000
21.8,24.6,PSL9_20240604_050000_0016.png,PSL9_20240604_050000
468.3,471.1,PSL9_20240527_060000_0343.png,PSL9_20240527_060000
318.1,320.9,PSL9_20240527_070000_0233.png,PSL9_20240527_070000
674.5,677.2,PSL9_20240527_050000_0494.png,PSL9_20240527_050000
308.6,311.3,PSL9_20240527_070000_0226.png,PSL9_20240527_070000
76.5,79.2,PSL9_20240527_060000_0056.png,PSL9_20240527_060000
472.4,475.2,PSL9_20240528_050000_0346.png,PSL9_20240528_050000
83.3,86.0,PSL9_20240528_060000_0061.png,PSL9_20240528_060000
350.9,353.6,PSL9_20240527_060000_0257.png,PSL9_20240527_060000
798.7,801.5,PSL9_20240528_050000_0585.png,PSL9_20240528_050000
406.9,409.6,PSL9_20240528_050000_0298.png,PSL9_20240528_050000
159.7,162.5,PSL9_20240605_050000_0117.png,PSL9_20240605_050000
255.3,258.1,PSL9_20240528_050000_0187.png,PSL9_20240528_050000
547.5,550.3,PSL9_20240528_050000_0401.png,PSL9_20240528_050000
727.7,730.5,PSL9_20240622_050000_0533.png,PSL9_20240622_050000
628.1,630.8,PSL9_20240622_050000_0460.png,PSL9_20240622_050000
744.1,746.9,PSL9_20240622_050000_0545.png,PSL9_20240622_050000
324.9,327.7,PSL9_20240528_050000_0238.png,PSL9_20240528_050000
835.6,838.3,PSL9_20240610_050000_0612.png,PSL9_20240610_050000
247.1,249.9,PSL9_20240607_050000_0181.png,PSL9_20240607_050000
719.5,722.3,PSL9_20240622_050000_0527.png,PSL9_20240622_050000
159.7,162.5,PSL9_20240528_050000_0117.png,PSL9_20240528_050000
51.9,54.6,PSL9_20240604_050000_0038.png,PSL9_20240604_050000
892.9,895.7,PSL9_20240528_050000_0654.png,PSL9_20240528_050000
573.4,576.2,PSL9_20240528_060000_0420.png,PSL9_20240528_060000
476.5,479.3,PSL9_20240528_050000_0349.png,PSL9_20240528_050000
431.4,434.2,PSL9_20240528_050000_0316.png,PSL9_20240528_050000
873.8,876.6,PSL9_20240603_060000_0640.png,PSL9_20240603_060000
654.0,656.8,PSL9_20240528_050000_0479.png,PSL9_20240528_050000
752.3,755.1,PSL9_20240601_050000_0551.png,PSL9_20240601_050000
43.7,46.4,PSL9_20240528_050000_0032.png,PSL9_20240528_050000
800.1,802.8,PSL9_20240528_050000_0586.png,PSL9_20240528_050000
451.9,454.7,PSL9_20240528_050000_0331.png,PSL9_20240528_050000
561.2,563.9,PSL9_20240528_050000_0411.png,PSL9_20240528_050000
544.8,547.5,PSL9_20240528_060000_0399.png,PSL9_20240528_060000
835.6,838.3,PSL9_20240603_070000_0612.png,PSL9_20240603_070000
314.0,316.8,PSL9_20240528_050000_0230.png,PSL9_20240528_050000
56.0,58.7,PSL9_20240604_050000_0041.png,PSL9_20240604_050000
335.9,338.6,PSL9_20240528_050000_0246.png,PSL9_20240528_050000
8.2,10.9,PSL9_20240528_050000_0006.png,PSL9_20240528_050000
644.4,647.2,PSL9_20240528_050000_0472.png,PSL9_20240528_050000
192.5,195.3,PSL9_20240528_050000_0141.png,PSL9_20240528_050000
408.2,411.0,PSL9_20240611_050000_0299.png,PSL9_20240611_050000
735.9,738.7,PSL9_20240601_050000_0539.png,PSL9_20240601_050000
263.5,266.3,PSL9_20240528_050000_0193.png,PSL9_20240528_050000
285.4,288.1,PSL9_20240527_060000_0209.png,PSL9_20240527_060000
501.1,503.8,PSL9_20240528_060000_0367.png,PSL9_20240528_060000
2.7,5.5,PSL9_20240527_070000_0002.png,PSL9_20240527_070000
144.7,147.5,PSL9_20240605_050000_0106.png,PSL9_20240605_050000
592.6,595.3,PSL9_20240603_060000_0434.png,PSL9_20240603_060000
735.9,738.7,PSL9_20240528_050000_0539.png,PSL9_20240528_050000
839.7,842.4,PSL9_20240527_050000_0615.png,PSL9_20240527_050000
81.9,84.7,PSL9_20240528_060000_0060.png,PSL9_20240528_060000
61.4,64.2,PSL9_20240604_050000_0045.png,PSL9_20240604_050000
516.1,518.9,PSL9_20240528_060000_0378.png,PSL9_20240528_060000
140.6,143.4,PSL9_20240528_070000_0103.png,PSL9_20240528_070000
274.4,277.2,PSL9_20240603_060000_0201.png,PSL9_20240603_060000
589.8,592.6,PSL9_20240527_050000_0432.png,PSL9_20240527_050000
118.8,121.5,PSL9_20240528_050000_0087.png,PSL9_20240528_050000
655.4,658.1,PSL9_20240528_050000_0480.png,PSL9_20240528_050000
613.0,615.8,PSL9_20240528_060000_0449.png,PSL9_20240528_060000
326.3,329.1,PSL9_20240528_050000_0239.png,PSL9_20240528_050000
811.0,813.8,PSL9_20240603_070000_0594.png,PSL9_20240603_070000
57.3,60.1,PSL9_20240604_050000_0042.png,PSL9_20240604_050000
348.2,350.9,PSL9_20240528_060000_0255.png,PSL9_20240528_060000
387.8,390.5,PSL9_20240528_050000_0284.png,PSL9_20240528_050000
275.8,278.6,PSL9_20240701_060000_0202.png,PSL9_20240701_060000
793.3,796.0,PSL9_20240610_050000_0581.png,PSL9_20240610_050000
238.9,241.7,PSL9_20240528_050000_0175.png,PSL9_20240528_050000
158.4,161.1,PSL9_20240605_050000_0116.png,PSL9_20240605_050000
117.4,120.2,PSL9_20240528_070000_0086.png,PSL9_20240528_070000
238.9,241.7,PSL9_20240527_060000_0175.png,PSL9_20240527_060000
514.7,517.5,PSL9_20240528_060000_0377.png,PSL9_20240528_060000
662.2,664.9,PSL9_20240527_050000_0485.png,PSL9_20240527_050000
278.5,281.3,PSL9_20240527_060000_0204.png,PSL9_20240527_060000
591.2,593.9,PSL9_20240527_050000_0433.png,PSL9_20240527_050000
461.5,464.2,PSL9_20240528_060000_0338.png,PSL9_20240528_060000
208.9,211.7,PSL9_20240528_050000_0153.png,PSL9_20240528_050000
252.6,255.3,PSL9_20240527_060000_0185.png,PSL9_20240527_060000
60.1,62.8,PSL9_20240528_060000_0044.png,PSL9_20240528_060000
868.4,871.1,PSL9_20240528_050000_0636.png,PSL9_20240528_050000
867.0,869.7,PSL9_20240604_060000_0635.png,PSL9_20240604_060000
415.1,417.8,PSL9_20240528_060000_0304.png,PSL9_20240528_060000
128.3,131.1,PSL9_20240528_050000_0094.png,PSL9_20240528_050000
815.1,817.9,PSL9_20240528_050000_0597.png,PSL9_20240528_050000
834.2,837.0,PSL9_20240603_070000_0611.png,PSL9_20240603_070000
309.9,312.7,PSL9_20240527_070000_0227.png,PSL9_20240527_070000
379.6,382.3,PSL9_20240605_050000_0278.png,PSL9_20240605_050000
679.9,682.7,PSL9_20240622_050000_0498.png,PSL9_20240622_050000
6.8,9.6,PSL9_20240528_050000_0005.png,PSL9_20240528_050000
92.8,95.6,PSL9_20240528_050000_0068.png,PSL9_20240528_050000
77.8,80.6,PSL9_20240527_060000_0057.png,PSL9_20240527_060000
117.4,120.2,PSL9_20240528_050000_0086.png,PSL9_20240528_050000
681.3,684.1,PSL9_20240622_050000_0499.png,PSL9_20240622_050000
185.7,188.4,PSL9_20240710_060000_0136.png,PSL9_20240710_060000
892.9,895.7,PSL9_20240527_050000_0654.png,PSL9_20240527_050000
766.0,768.7,PSL9_20240527_050000_0561.png,PSL9_20240527_050000
20.5,23.2,PSL9_20240604_050000_0015.png,PSL9_20240604_050000
9.6,12.3,PSL9_20240528_050000_0007.png,PSL9_20240528_050000
436.9,439.7,PSL9_20240528_060000_0320.png,PSL9_20240528_060000
800.1,802.8,PSL9_20240527_050000_0586.png,PSL9_20240527_050000
71.0,73.8,PSL9_20240605_050000_0052.png,PSL9_20240605_050000
327.7,330.4,PSL9_20240527_070000_0240.png,PSL9_20240527_070000
423.3,426.0,PSL9_20240528_050000_0310.png,PSL9_20240528_050000
828.8,831.5,PSL9_20240603_060000_0607.png,PSL9_20240603_060000
50.5,53.3,PSL9_20240604_050000_0037.png,PSL9_20240604_050000
670.4,673.1,PSL9_20240528_050000_0491.png,PSL9_20240528_050000
532.5,535.2,PSL9_20240528_060000_0390.png,PSL9_20240528_060000
378.2,381.0,PSL9_20240528_060000_0277.png,PSL9_20240528_060000
629.4,632.2,PSL9_20240622_050000_0461.png,PSL9_20240622_050000
88.7,91.5,PSL9_20240604_050000_0065.png,PSL9_20240604_050000
790.5,793.3,PSL9_20240528_050000_0579.png,PSL9_20240528_050000
462.8,465.6,PSL9_20240528_050000_0339.png,PSL9_20240528_050000
862.9,865.6,PSL9_20240527_060000_0632.png,PSL9_20240527_060000
853.3,856.1,PSL9_20240527_050000_0625.png,PSL9_20240527_050000
704.5,707.3,PSL9_20240622_050000_0516.png,PSL9_20240622_050000
841.0,843.8,PSL9_20240527_050000_0616.png,PSL9_20240527_050000
648.5,651.3,PSL9_20240528_060000_0475.png,PSL9_20240528_060000
442.4,445.1,PSL9_20240528_050000_0324.png,PSL9_20240528_050000
241.7,244.4,PSL9_20240613_050000_0177.png,PSL9_20240613_050000
181.6,184.3,PSL9_20240608_060000_0133.png,PSL9_20240608_060000
742.7,745.5,PSL9_20240601_050000_0544.png,PSL9_20240601_050000
705.9,708.6,PSL9_20240622_050000_0517.png,PSL9_20240622_050000
588.5,591.2,PSL9_20240527_060000_0431.png,PSL9_20240527_060000
19.1,21.9,PSL9_20240604_050000_0014.png,PSL9_20240604_050000
791.9,794.7,PSL9_20240527_050000_0580.png,PSL9_20240527_050000
445.1,447.9,PSL9_20240528_060000_0326.png,PSL9_20240528_060000
142.0,144.8,PSL9_20240528_070000_0104.png,PSL9_20240528_070000
428.7,431.5,PSL9_20240528_070000_0314.png,PSL9_20240528_070000
329.0,331.8,PSL9_20240527_070000_0241.png,PSL9_20240527_070000
76.5,79.2,PSL9_20240528_050000_0056.png,PSL9_20240528_050000
31.4,34.2,PSL9_20240528_050000_0023.png,PSL9_20240528_050000
532.5,535.2,PSL9_20240603_060000_0390.png,PSL9_20240603_060000
446.5,449.2,PSL9_20240528_060000_0327.png,PSL9_20240528_060000
6.8,9.6,PSL9_20240527_050000_0005.png,PSL9_20240527_050000
178.9,181.6,PSL9_20240528_050000_0131.png,PSL9_20240528_050000
53.2,56.0,PSL9_20240604_050000_0039.png,PSL9_20240604_050000
572.1,574.8,PSL9_20240528_050000_0419.png,PSL9_20240528_050000
254.0,256.7,PSL9_20240527_060000_0186.png,PSL9_20240527_060000
438.3,441.0,PSL9_20240528_060000_0321.png,PSL9_20240528_060000
480.6,483.4,PSL9_20240527_060000_0352.png,PSL9_20240527_060000
274.4,277.2,PSL9_20240701_060000_0201.png,PSL9_20240701_060000
42.3,45.1,PSL9_20240604_050000_0031.png,PSL9_20240604_050000
337.2,340.0,PSL9_20240528_050000_0247.png,PSL9_20240528_050000
546.1,548.9,PSL9_20240528_050000_0400.png,PSL9_20240528_050000
809.6,812.4,PSL9_20240603_070000_0593.png,PSL9_20240603_070000
2.7,5.5,PSL9_20240528_050000_0002.png,PSL9_20240528_050000
170.7,173.4,PSL9_20240528_050000_0125.png,PSL9_20240528_050000
684.0,686.8,PSL9_20240527_050000_0501.png,PSL9_20240527_050000
781.0,783.7,PSL9_20240527_050000_0572.png,PSL9_20240527_050000
286.7,289.5,PSL9_20240527_060000_0210.png,PSL9_20240527_060000
16.4,19.1,PSL9_20240527_050000_0012.png,PSL9_20240527_050000
25.9,28.7,PSL9_20240604_050000_0019.png,PSL9_20240604_050000
753.7,756.4,PSL9_20240527_050000_0552.png,PSL9_20240527_050000
801.5,804.2,PSL9_20240527_050000_0587.png,PSL9_20240527_050000
450.6,453.3,PSL9_20240528_050000_0330.png,PSL9_20240528_050000
832.9,835.6,PSL9_20240603_060000_0610.png,PSL9_20240603_060000
4.1,6.9,PSL9_20240528_050000_0003.png,PSL9_20240528_050000
43.7,46.4,PSL9_20240604_050000_0032.png,PSL9_20240604_050000
491.5,494.3,PSL9_20240528_060000_0360.png,PSL9_20240528_060000
35.5,38.3,PSL9_20240527_070000_0026.png,PSL9_20240527_070000
811.0,813.8,PSL9_20240527_050000_0594.png,PSL9_20240527_050000
49.2,51.9,PSL9_20240630_070000_0036.png,PSL9_20240630_070000
68.3,71.0,PSL9_20240528_050000_0050.png,PSL9_20240528_050000
603.5,606.2,PSL9_20240528_060000_0442.png,PSL9_20240528_060000
408.2,411.0,PSL9_20240528_050000_0299.png,PSL9_20240528_050000
882.0,884.8,PSL9_20240603_060000_0646.png,PSL9_20240603_060000
5.5,8.2,PSL9_20240605_050000_0004.png,PSL9_20240605_050000
589.8,592.6,PSL9_20240527_060000_0432.png,PSL9_20240527_060000
277.2,279.9,PSL9_20240528_050000_0203.png,PSL9_20240528_050000
707.2,710.0,PSL9_20240601_050000_0518.png,PSL9_20240601_050000
869.7,872.5,PSL9_20240528_050000_0637.png,PSL9_20240528_050000
649.9,652.7,PSL9_20240528_060000_0476.png,PSL9_20240528_060000
24.6,27.3,PSL9_20240604_050000_0018.png,PSL9_20240604_050000
431.4,434.2,PSL9_20240528_060000_0316.png,PSL9_20240528_060000
802.8,805.6,PSL9_20240610_050000_0588.png,PSL9_20240610_050000
639.0,641.7,PSL9_20240528_060000_0468.png,PSL9_20240528_060000
782.3,785.1,PSL9_20240610_050000_0573.png,PSL9_20240610_050000
872.4,875.2,PSL9_20240603_060000_0639.png,PSL9_20240603_060000
84.7,87.4,PSL9_20240528_050000_0062.png,PSL9_20240528_050000
888.8,891.6,PSL9_20240603_060000_0651.png,PSL9_20240603_060000
528.4,531.1,PSL9_20240527_050000_0387.png,PSL9_20240527_050000
64.2,66.9,PSL9_20240604_050000_0047.png,PSL9_20240604_050000
223.9,226.7,PSL9_20240527_060000_0164.png,PSL9_20240527_060000
430.1,432.8,PSL9_20240528_070000_0315.png,PSL9_20240528_070000
10.9,13.7,PSL9_20240604_050000_0008.png,PSL9_20240604_050000
75.1,77.9,PSL9_20240528_060000_0055.png,PSL9_20240528_060000
656.7,659.5,PSL9_20240528_050000_0481.png,PSL9_20240528_050000
187.1,189.8,PSL9_20240710_060000_0137.png,PSL9_20240710_060000
441.0,443.8,PSL9_20240603_050000_0323.png,PSL9_20240603_050000
883.4,886.1,PSL9_20240528_050000_0647.png,PSL9_20240528_050000
386.4,389.1,PSL9_20240528_050000_0283.png,PSL9_20240528_050000
468.3,471.1,PSL9_20240528_060000_0343.png,PSL9_20240528_060000
228.0,230.8,PSL9_20240528_050000_0167.png,PSL9_20240528_050000
32.8,35.5,PSL9_20240605_050000_0024.png,PSL9_20240605_050000
570.7,573.5,PSL9_20240529_070000_0418.png,PSL9_20240529_070000
580.3,583.0,PSL9_20240528_060000_0425.png,PSL9_20240528_060000
180.2,183.0,PSL9_20240608_060000_0132.png,PSL9_20240608_060000
718.2,720.9,PSL9_20240531_070000_0526.png,PSL9_20240531_070000
453.3,456.0,PSL9_20240528_060000_0332.png,PSL9_20240528_060000
436.9,439.7,PSL9_20240527_060000_0320.png,PSL9_20240527_060000
316.8,319.5,PSL9_20240527_060000_0232.png,PSL9_20240527_060000
99.7,102.4,PSL9_20240528_070000_0073.png,PSL9_20240528_070000
127.0,129.7,PSL9_20240528_050000_0093.png,PSL9_20240528_050000
789.2,791.9,PSL9_20240528_050000_0578.png,PSL9_20240528_050000
56.0,58.7,PSL9_20240528_050000_0041.png,PSL9_20240528_050000
704.5,707.3,PSL9_20240527_060000_0516.png,PSL9_20240527_060000
671.7,674.5,PSL9_20240528_050000_0492.png,PSL9_20240528_050000
593.9,596.7,PSL9_20240603_060000_0435.png,PSL9_20240603_060000
331.8,334.5,PSL9_20240608_060000_0243.png,PSL9_20240608_060000
202.1,204.8,PSL9_20240528_050000_0148.png,PSL9_20240528_050000
382.3,385.1,PSL9_20240527_060000_0280.png,PSL9_20240527_060000
39.6,42.4,PSL9_20240604_050000_0029.png,PSL9_20240604_050000
54.6,57.4,PSL9_20240528_050000_0040.png,PSL9_20240528_050000
836.9,839.7,PSL9_20240603_060000_0613.png,PSL9_20240603_060000
163.8,166.6,PSL9_20240527_070000_0120.png,PSL9_20240527_070000
25.9,28.7,PSL9_20240528_050000_0019.png,PSL9_20240528_050000
5.5,8.2,PSL9_20240527_050000_0004.png,PSL9_20240527_050000
13.7,16.4,PSL9_20240528_050000_0010.png,PSL9_20240528_050000
887.5,890.2,PSL9_20240603_060000_0650.png,PSL9_20240603_060000
118.8,121.5,PSL9_20240528_070000_0087.png,PSL9_20240528_070000
836.9,839.7,PSL9_20240610_050000_0613.png,PSL9_20240610_050000
804.2,806.9,PSL9_20240610_050000_0589.png,PSL9_20240610_050000
383.7,386.4,PSL9_20240527_060000_0281.png,PSL9_20240527_060000
98.3,101.1,PSL9_20240528_070000_0072.png,PSL9_20240528_070000
109.2,112.0,PSL9_20240614_050000_0080.png,PSL9_20240614_050000
703.1,705.9,PSL9_20240527_060000_0515.png,PSL9_20240527_060000
826.0,828.8,PSL9_20240603_060000_0605.png,PSL9_20240603_060000
475.1,477.9,PSL9_20240528_050000_0348.png,PSL9_20240528_050000
727.7,730.5,PSL9_20240601_050000_0533.png,PSL9_20240601_050000
181.6,184.3,PSL9_20240528_050000_0133.png,PSL9_20240528_050000
703.1,705.9,PSL9_20240528_060000_0515.png,PSL9_20240528_060000
637.6,640.4,PSL9_20240528_060000_0467.png,PSL9_20240528_060000
572.1,574.8,PSL9_20240529_070000_0419.png,PSL9_20240529_070000
513.4,516.1,PSL9_20240528_050000_0376.png,PSL9_20240528_050000
240.3,243.1,PSL9_20240527_060000_0176.png,PSL9_20240527_060000
894.3,897.1,PSL9_20240527_060000_0655.png,PSL9_20240527_060000
471.0,473.8,PSL9_20240528_050000_0345.png,PSL9_20240528_050000
32.8,35.5,PSL9_20240528_050000_0024.png,PSL9_20240528_050000
66.9,69.7,PSL9_20240620_070000_0049.png,PSL9_20240620_070000
737.3,740.0,PSL9_20240528_050000_0540.png,PSL9_20240528_050000
316.8,319.5,PSL9_20240527_070000_0232.png,PSL9_20240527_070000
742.7,745.5,PSL9_20240622_050000_0544.png,PSL9_20240622_050000
634.9,637.6,PSL9_20240601_070000_0465.png,PSL9_20240601_070000
630.8,633.5,PSL9_20240528_050000_0462.png,PSL9_20240528_050000
894.3,897.1,PSL9_20240528_050000_0655.png,PSL9_20240528_050000
716.8,719.6,PSL9_20240531_070000_0525.png,PSL9_20240531_070000
767.3,770.1,PSL9_20240527_050000_0562.png,PSL9_20240527_050000
466.9,469.7,PSL9_20240528_060000_0342.png,PSL9_20240528_060000
12.3,15.0,PSL9_20240528_050000_0009.png,PSL9_20240528_050000
465.6,468.3,PSL9_20240528_050000_0341.png,PSL9_20240528_050000
