Start (s),End (s),Scientific name,Common name,Confidence,File Name,Latitude,Longitude,Elevation,Year,Month,Day,Time,Buzz
0.0,3.0,Phylloscopus humei,Hume's Warbler,0.9882,XC414415,,,,,,,,
15.0,18.0,Phylloscopus humei,Hume's Warbler,0.9571,XC414415,,,,,,,,
39.0,42.0,Phylloscopus humei,Hume's Warbler,0.9802,XC414415,,,,,,,,
0.0,3.0,Phylloscopus humei,Hume's Warbler,0.9706,XC43659,,,,,,,,
18.0,21.0,Phylloscopus humei,Hume's Warbler,0.9949,XC43659,,,,,,,,
45.0,48.0,Phylloscopus humei,Hume's Warbler,0.9991,XC43659,,,,,,,,
75.0,78.0,Phylloscopus humei,Hume's Warbler,0.9194,XC43659,,,,,,,,
78.0,81.0,Phylloscopus humei,Hume's Warbler,1.0,XC43659,,,,,,,,
84.0,87.0,Phylloscopus humei,Hume's Warbler,0.9739,XC43659,,,,,,,,
87.0,90.0,Phylloscopus humei,Hume's Warbler,0.9728,XC43659,,,,,,,,
102.0,105.0,Phylloscopus humei,Hume's Warbler,0.9237,XC43659,,,,,,,,
9.0,12.0,Carpodacus erythrinus,Common Rosefinch,0.9286,XC811534,,,,,,,,
0.0,3.0,Phylloscopus humei,Hume's Warbler,0.9916,XC808552,,,,,,,,
6.0,9.0,Phylloscopus humei,Hume's Warbler,0.9727,XC808552,,,,,,,,
12.0,15.0,Phylloscopus humei,Hume's Warbler,0.9742,XC808552,,,,,,,,
24.0,27.0,Phylloscopus humei,Hume's Warbler,0.939,XC808552,,,,,,,,
30.0,33.0,Phylloscopus humei,Hume's Warbler,0.9644,XC808552,,,,,,,,
0.0,3.0,Phylloscopus humei,Hume's Warbler,0.98,XC414416,,,,,,,,
9.0,12.0,Turdus iliacus,Redwing,0.9274,XC414416,,,,,,,,
15.0,18.0,Phylloscopus humei,Hume's Warbler,0.9879,XC414416,,,,,,,,
36.0,39.0,Phylloscopus humei,Hume's Warbler,0.9831,XC414416,,,,,,,,
18.0,21.0,Carpodacus erythrinus,Common Rosefinch,0.978,XC120473,,,,,,,,
24.0,27.0,Phylloscopus humei,Hume's Warbler,0.98,XC120473,,,,,,,,
33.0,36.0,Carpodacus erythrinus,Common Rosefinch,0.9814,XC120473,,,,,,,,
36.0,39.0,Phylloscopus humei,Hume's Warbler,0.9302,XC120473,,,,,,,,
6.0,9.0,Phylloscopus humei,Hume's Warbler,0.9544,XC820841,,,,,,,,
15.0,18.0,Phylloscopus humei,Hume's Warbler,0.9007,XC820841,,,,,,,,
27.0,30.0,Phylloscopus humei,Hume's Warbler,0.9302,XC820841,,,,,,,,
33.0,36.0,Phylloscopus humei,Hume's Warbler,0.9276,XC820841,,,,,,,,
3.0,6.0,Phylloscopus humei,Hume's Warbler,0.9729,XC145217,,,,,,,,
15.0,18.0,Phylloscopus humei,Hume's Warbler,0.9192,XC145217,,,,,,,,
27.0,30.0,Phylloscopus humei,Hume's Warbler,0.9813,XC145217,,,,,,,,
39.0,42.0,Phylloscopus humei,Hume's Warbler,0.9919,XC145217,,,,,,,,
48.0,51.0,Phylloscopus humei,Hume's Warbler,0.9373,XC145217,,,,,,,,
51.0,54.0,Phylloscopus humei,Hume's Warbler,0.9176,XC145217,,,,,,,,
0.0,3.0,Phylloscopus humei,Hume's Warbler,0.9903,XC128094,,,,,,,,
3.0,6.0,Phylloscopus humei,Hume's Warbler,0.9539,XC128094,,,,,,,,
6.0,9.0,Phylloscopus humei,Hume's Warbler,0.9277,XC128094,,,,,,,,
9.0,12.0,Phylloscopus humei,Hume's Warbler,0.9652,XC128094,,,,,,,,
12.0,15.0,Phylloscopus humei,Hume's Warbler,0.9973,XC128094,,,,,,,,
15.0,18.0,Phylloscopus humei,Hume's Warbler,0.9863,XC128094,,,,,,,,
18.0,21.0,Phylloscopus humei,Hume's Warbler,0.9465,XC128094,,,,,,,,
0.0,3.0,Phylloscopus humei,Hume's Warbler,0.9976,XC43635,,,,,,,,
0.0,3.0,Phylloscopus humei,Hume's Warbler,0.9949,XC782344,,,,,,,,
3.0,6.0,Phylloscopus humei,Hume's Warbler,0.9866,XC782344,,,,,,,,
6.0,9.0,Phylloscopus humei,Hume's Warbler,0.9953,XC782344,,,,,,,,
9.0,12.0,Phylloscopus humei,Hume's Warbler,0.9886,XC782344,,,,,,,,
12.0,15.0,Phylloscopus humei,Hume's Warbler,0.9973,XC782344,,,,,,,,
15.0,18.0,Phylloscopus humei,Hume's Warbler,0.9751,XC782344,,,,,,,,
18.0,21.0,Phylloscopus humei,Hume's Warbler,0.9828,XC782344,,,,,,,,
21.0,24.0,Phylloscopus humei,Hume's Warbler,0.9879,XC782344,,,,,,,,
27.0,30.0,Phylloscopus humei,Hume's Warbler,0.9682,XC782344,,,,,,,,
30.0,33.0,Phylloscopus humei,Hume's Warbler,0.9518,XC782344,,,,,,,,
33.0,36.0,Phylloscopus humei,Hume's Warbler,0.9485,XC782344,,,,,,,,
42.0,45.0,Phylloscopus humei,Hume's Warbler,0.9858,XC782344,,,,,,,,
45.0,48.0,Phylloscopus humei,Hume's Warbler,0.9246,XC782344,,,,,,,,
48.0,51.0,Phylloscopus humei,Hume's Warbler,0.9799,XC782344,,,,,,,,
51.0,54.0,Phylloscopus humei,Hume's Warbler,0.9722,XC782344,,,,,,,,
57.0,60.0,Phylloscopus humei,Hume's Warbler,0.9514,XC782344,,,,,,,,
0.0,3.0,Phylloscopus humei,Hume's Warbler,0.9936,XC772587,,,,,,,,
3.0,6.0,Phylloscopus humei,Hume's Warbler,0.937,XC772587,,,,,,,,
0.0,3.0,Phylloscopus humei,Hume's Warbler,0.9916,XC460150,,,,,,,,
0.0,3.0,Phylloscopus humei,Hume's Warbler,0.9993,XC414417,,,,,,,,
9.0,12.0,Phylloscopus humei,Hume's Warbler,0.9343,XC414417,,,,,,,,
3.0,6.0,Phylloscopus humei,Hume's Warbler,0.9935,XC93326,,,,,,,,
6.0,9.0,Phylloscopus humei,Hume's Warbler,0.9786,XC93326,,,,,,,,
0.0,3.0,Phylloscopus humei,Hume's Warbler,0.991,XC93472,,,,,,,,
3.0,6.0,Phylloscopus humei,Hume's Warbler,0.989,XC93472,,,,,,,,
0.0,3.0,Phylloscopus humei,Hume's Warbler,0.996,XC298104,,,,,,,,
3.0,6.0,Phylloscopus humei,Hume's Warbler,0.9961,XC298104,,,,,,,,
6.0,9.0,Phylloscopus humei,Hume's Warbler,0.9712,XC351688,,,,,,,,
9.0,12.0,Phylloscopus humei,Hume's Warbler,0.988,XC351688,,,,,,,,
3.0,6.0,Phylloscopus humei,Hume's Warbler,0.9822,XC93471,,,,,,,,
0.0,3.0,Phylloscopus humei,Hume's Warbler,0.9981,XC150198,,,,,,,,
3.0,6.0,Phylloscopus humei,Hume's Warbler,0.9894,XC150198,,,,,,,,
6.0,9.0,Phylloscopus humei,Hume's Warbler,0.9664,XC150198,,,,,,,,
9.0,12.0,Phylloscopus humei,Hume's Warbler,0.9979,XC150198,,,,,,,,
12.0,15.0,Phylloscopus humei,Hume's Warbler,0.9065,XC150198,,,,,,,,
0.0,3.0,Phylloscopus humei,Hume's Warbler,0.9935,XC460283,,,,,,,,
3.0,6.0,Phylloscopus humei,Hume's Warbler,0.9793,XC460283,,,,,,,,
9.0,12.0,Phylloscopus humei,Hume's Warbler,0.9192,XC460283,,,,,,,,
12.0,15.0,Phylloscopus humei,Hume's Warbler,0.9723,XC460283,,,,,,,,
0.0,3.0,Phylloscopus humei,Hume's Warbler,0.9969,XC750784,,,,,,,,
6.0,9.0,Phylloscopus humei,Hume's Warbler,0.9617,XC750784,,,,,,,,
9.0,12.0,Phylloscopus humei,Hume's Warbler,0.9771,XC750784,,,,,,,,
12.0,15.0,Phylloscopus humei,Hume's Warbler,0.9589,XC750784,,,,,,,,
0.0,3.0,Phylloscopus humei,Hume's Warbler,0.928,XC844130,,,,,,,,
3.0,6.0,Phylloscopus humei,Hume's Warbler,0.9512,XC165218,,,,,,,,
6.0,9.0,Phylloscopus humei,Hume's Warbler,0.9676,XC165218,,,,,,,,
9.0,12.0,Phylloscopus humei,Hume's Warbler,0.9771,XC165218,,,,,,,,
12.0,15.0,Phylloscopus humei,Hume's Warbler,0.9424,XC165218,,,,,,,,
0.0,3.0,Phylloscopus humei,Hume's Warbler,0.9935,XC116651,,,,,,,,
6.0,9.0,Phylloscopus humei,Hume's Warbler,0.9751,XC116651,,,,,,,,
9.0,12.0,Phylloscopus humei,Hume's Warbler,0.9746,XC116651,,,,,,,,
15.0,18.0,Phylloscopus humei,Hume's Warbler,0.9797,XC116651,,,,,,,,
0.0,3.0,Phylloscopus humei,Hume's Warbler,0.9726,XC472913,,,,,,,,
9.0,12.0,Phylloscopus humei,Hume's Warbler,0.9414,XC472913,,,,,,,,
0.0,3.0,Phylloscopus humei,Hume's Warbler,0.9969,XC698043,,,,,,,,
6.0,9.0,Phylloscopus humei,Hume's Warbler,0.9899,XC698043,,,,,,,,
12.0,15.0,Phylloscopus humei,Hume's Warbler,0.9209,XC698043,,,,,,,,
15.0,18.0,Phylloscopus humei,Hume's Warbler,0.9878,XC698043,,,,,,,,
0.0,3.0,Phylloscopus humei,Hume's Warbler,0.9881,XC491425,,,,,,,,
3.0,6.0,Phylloscopus humei,Hume's Warbler,0.9919,XC491425,,,,,,,,
6.0,9.0,Phylloscopus humei,Hume's Warbler,0.9411,XC491425,,,,,,,,
9.0,12.0,Phylloscopus humei,Hume's Warbler,0.9857,XC491425,,,,,,,,
12.0,15.0,Phylloscopus humei,Hume's Warbler,0.9628,XC491425,,,,,,,,
15.0,18.0,Phylloscopus humei,Hume's Warbler,0.9766,XC491425,,,,,,,,
0.0,3.0,Phylloscopus humei,Hume's Warbler,0.969,XC73381,,,,,,,,
12.0,15.0,Phylloscopus humei,Hume's Warbler,0.9693,XC73382,,,,,,,,
0.0,3.0,Phylloscopus humei,Hume's Warbler,0.958,XC782339,,,,,,,,
6.0,9.0,Phylloscopus humei,Hume's Warbler,0.9215,XC782339,,,,,,,,
9.0,12.0,Phylloscopus humei,Hume's Warbler,0.9638,XC782339,,,,,,,,
12.0,15.0,Phylloscopus humei,Hume's Warbler,0.9413,XC782339,,,,,,,,
0.0,3.0,Phylloscopus humei,Hume's Warbler,0.9048,XC786080,,,,,,,,
6.0,9.0,Phylloscopus humei,Hume's Warbler,0.9248,XC786080,,,,,,,,
15.0,18.0,Phylloscopus humei,Hume's Warbler,0.9368,XC786080,,,,,,,,
0.0,3.0,Phylloscopus humei,Hume's Warbler,0.9935,XC949804,,,,,,,,
6.0,9.0,Phylloscopus humei,Hume's Warbler,0.9969,XC949804,,,,,,,,
9.0,12.0,Phylloscopus humei,Hume's Warbler,0.9931,XC949804,,,,,,,,
12.0,15.0,Phylloscopus humei,Hume's Warbler,0.9941,XC949804,,,,,,,,
15.0,18.0,Phylloscopus humei,Hume's Warbler,0.9841,XC949804,,,,,,,,
6.0,9.0,Phylloscopus humei,Hume's Warbler,0.9641,XC772385,,,,,,,,
9.0,12.0,Phylloscopus humei,Hume's Warbler,0.9464,XC772385,,,,,,,,
12.0,15.0,Phylloscopus humei,Hume's Warbler,0.9216,XC772385,,,,,,,,
0.0,3.0,Phylloscopus humei,Hume's Warbler,0.9956,XC945940,,,,,,,,
3.0,6.0,Phylloscopus humei,Hume's Warbler,0.9925,XC945940,,,,,,,,
6.0,9.0,Phylloscopus humei,Hume's Warbler,0.9867,XC945940,,,,,,,,
9.0,12.0,Phylloscopus humei,Hume's Warbler,0.9915,XC945940,,,,,,,,
12.0,15.0,Phylloscopus humei,Hume's Warbler,0.9691,XC945940,,,,,,,,
15.0,18.0,Phylloscopus humei,Hume's Warbler,0.9983,XC945940,,,,,,,,
18.0,21.0,Phylloscopus humei,Hume's Warbler,0.9851,XC945940,,,,,,,,
0.0,3.0,Phylloscopus humei,Hume's Warbler,0.9973,XC150181,,,,,,,,
3.0,6.0,Phylloscopus humei,Hume's Warbler,0.9991,XC150181,,,,,,,,
6.0,9.0,Phylloscopus humei,Hume's Warbler,0.9992,XC150181,,,,,,,,
9.0,12.0,Phylloscopus humei,Hume's Warbler,0.996,XC150181,,,,,,,,
12.0,15.0,Phylloscopus humei,Hume's Warbler,0.9989,XC150181,,,,,,,,
15.0,18.0,Phylloscopus humei,Hume's Warbler,0.9981,XC150181,,,,,,,,
18.0,21.0,Phylloscopus humei,Hume's Warbler,0.9993,XC150181,,,,,,,,
0.0,3.0,Phylloscopus humei,Hume's Warbler,0.9976,XC128095,,,,,,,,
3.0,6.0,Phylloscopus humei,Hume's Warbler,0.9914,XC128095,,,,,,,,
6.0,9.0,Phylloscopus humei,Hume's Warbler,0.9251,XC128095,,,,,,,,
9.0,12.0,Phylloscopus humei,Hume's Warbler,0.9935,XC128095,,,,,,,,
12.0,15.0,Phylloscopus humei,Hume's Warbler,0.9891,XC128095,,,,,,,,
15.0,18.0,Phylloscopus humei,Hume's Warbler,0.9818,XC128095,,,,,,,,
18.0,21.0,Phylloscopus humei,Hume's Warbler,0.9889,XC128095,,,,,,,,
21.0,24.0,Phylloscopus humei,Hume's Warbler,0.9898,XC128095,,,,,,,,
0.0,3.0,Phylloscopus humei,Hume's Warbler,0.9985,XC738539,,,,,,,,
3.0,6.0,Phylloscopus humei,Hume's Warbler,0.9911,XC738539,,,,,,,,
6.0,9.0,Phylloscopus humei,Hume's Warbler,0.9917,XC738539,,,,,,,,
9.0,12.0,Phylloscopus humei,Hume's Warbler,0.9975,XC738539,,,,,,,,
12.0,15.0,Phylloscopus humei,Hume's Warbler,0.9977,XC738539,,,,,,,,
15.0,18.0,Phylloscopus humei,Hume's Warbler,0.9574,XC738539,,,,,,,,
18.0,21.0,Phylloscopus humei,Hume's Warbler,0.9876,XC738539,,,,,,,,
21.0,24.0,Phylloscopus humei,Hume's Warbler,0.9903,XC738539,,,,,,,,
0.0,3.0,Phylloscopus humei,Hume's Warbler,0.9968,XC749558,,,,,,,,
3.0,6.0,Phylloscopus humei,Hume's Warbler,0.9982,XC749558,,,,,,,,
6.0,9.0,Phylloscopus humei,Hume's Warbler,0.9804,XC749558,,,,,,,,
9.0,12.0,Phylloscopus humei,Hume's Warbler,0.9796,XC749558,,,,,,,,
12.0,15.0,Phylloscopus humei,Hume's Warbler,0.9916,XC749558,,,,,,,,
15.0,18.0,Phylloscopus humei,Hume's Warbler,0.9458,XC749558,,,,,,,,
18.0,21.0,Phylloscopus humei,Hume's Warbler,0.9969,XC749558,,,,,,,,
21.0,24.0,Phylloscopus humei,Hume's Warbler,0.9986,XC749558,,,,,,,,
6.0,9.0,Phylloscopus humei,Hume's Warbler,0.9836,XC687873,,,,,,,,
12.0,15.0,Phylloscopus humei,Hume's Warbler,0.9343,XC687873,,,,,,,,
0.0,3.0,Phylloscopus humei,Hume's Warbler,0.9922,XC472919,,,,,,,,
3.0,6.0,Phylloscopus humei,Hume's Warbler,0.9956,XC472919,,,,,,,,
6.0,9.0,Phylloscopus humei,Hume's Warbler,0.991,XC472919,,,,,,,,
9.0,12.0,Phylloscopus humei,Hume's Warbler,0.9948,XC472919,,,,,,,,
12.0,15.0,Phylloscopus humei,Hume's Warbler,0.9578,XC472919,,,,,,,,
15.0,18.0,Phylloscopus humei,Hume's Warbler,0.976,XC472919,,,,,,,,
18.0,21.0,Phylloscopus humei,Hume's Warbler,0.9232,XC472919,,,,,,,,
24.0,27.0,Phylloscopus humei,Hume's Warbler,0.905,XC472919,,,,,,,,
3.0,6.0,Phylloscopus humei,Hume's Warbler,0.9089,XC772387,,,,,,,,
12.0,15.0,Phylloscopus humei,Hume's Warbler,0.9496,XC772387,,,,,,,,
24.0,27.0,Certhia brachydactyla,Short-toed Treecreeper,0.9775,XC772387,,,,,,,,
0.0,3.0,Phylloscopus humei,Hume's Warbler,0.9985,XC120496,,,,,,,,
3.0,6.0,Phylloscopus humei,Hume's Warbler,0.9788,XC120496,,,,,,,,
9.0,12.0,Phylloscopus humei,Hume's Warbler,0.9879,XC120496,,,,,,,,
12.0,15.0,Phylloscopus humei,Hume's Warbler,0.9982,XC120496,,,,,,,,
15.0,18.0,Phylloscopus humei,Hume's Warbler,0.9936,XC120496,,,,,,,,
18.0,21.0,Phylloscopus humei,Hume's Warbler,0.995,XC120496,,,,,,,,
21.0,24.0,Phylloscopus humei,Hume's Warbler,0.9973,XC120496,,,,,,,,
24.0,27.0,Phylloscopus humei,Hume's Warbler,0.9951,XC120496,,,,,,,,
27.0,30.0,Phylloscopus humei,Hume's Warbler,0.9975,XC120496,,,,,,,,
0.0,3.0,Phylloscopus humei,Hume's Warbler,0.9961,XC472917,,,,,,,,
3.0,6.0,Phylloscopus humei,Hume's Warbler,0.993,XC472917,,,,,,,,
6.0,9.0,Phylloscopus humei,Hume's Warbler,0.9959,XC472917,,,,,,,,
9.0,12.0,Phylloscopus humei,Hume's Warbler,0.9865,XC472917,,,,,,,,
12.0,15.0,Phylloscopus humei,Hume's Warbler,0.9971,XC472917,,,,,,,,
15.0,18.0,Phylloscopus humei,Hume's Warbler,0.9946,XC472917,,,,,,,,
18.0,21.0,Phylloscopus humei,Hume's Warbler,0.9934,XC472917,,,,,,,,
21.0,24.0,Phylloscopus humei,Hume's Warbler,0.9977,XC472917,,,,,,,,
24.0,27.0,Phylloscopus humei,Hume's Warbler,0.99,XC472917,,,,,,,,
0.0,3.0,Phylloscopus humei,Hume's Warbler,0.9963,XC611883,,,,,,,,
3.0,6.0,Phylloscopus humei,Hume's Warbler,0.9946,XC611883,,,,,,,,
6.0,9.0,Phylloscopus humei,Hume's Warbler,0.964,XC611883,,,,,,,,
18.0,21.0,Phylloscopus humei,Hume's Warbler,0.964,XC611883,,,,,,,,
21.0,24.0,Phylloscopus humei,Hume's Warbler,0.9615,XC611883,,,,,,,,
24.0,27.0,Phylloscopus humei,Hume's Warbler,0.9851,XC611883,,,,,,,,
0.0,3.0,Phylloscopus humei,Hume's Warbler,0.9779,XC116652,,,,,,,,
3.0,6.0,Phylloscopus humei,Hume's Warbler,0.9675,XC116652,,,,,,,,
6.0,9.0,Phylloscopus humei,Hume's Warbler,0.9674,XC116652,,,,,,,,
9.0,12.0,Phylloscopus humei,Hume's Warbler,0.9453,XC116652,,,,,,,,
12.0,15.0,Phylloscopus humei,Hume's Warbler,0.9713,XC116652,,,,,,,,
15.0,18.0,Phylloscopus humei,Hume's Warbler,0.9875,XC116652,,,,,,,,
18.0,21.0,Phylloscopus humei,Hume's Warbler,0.9775,XC116652,,,,,,,,
21.0,24.0,Phylloscopus humei,Hume's Warbler,0.9636,XC116652,,,,,,,,
24.0,27.0,Phylloscopus humei,Hume's Warbler,0.9834,XC116652,,,,,,,,
27.0,30.0,Phylloscopus humei,Hume's Warbler,0.9946,XC116652,,,,,,,,
9.0,12.0,Phylloscopus humei,Hume's Warbler,0.9047,XC180188,,,,,,,,
0.0,3.0,Phylloscopus humei,Hume's Warbler,0.9439,XC149330,,,,,,,,
3.0,6.0,Phylloscopus humei,Hume's Warbler,0.9701,XC149330,,,,,,,,
15.0,18.0,Phylloscopus humei,Hume's Warbler,0.9516,XC149330,,,,,,,,
18.0,21.0,Phylloscopus humei,Hume's Warbler,0.9114,XC149330,,,,,,,,
30.0,33.0,Phylloscopus humei,Hume's Warbler,0.9441,XC149330,,,,,,,,
0.0,3.0,Phylloscopus humei,Hume's Warbler,0.9826,XC698040,,,,,,,,
3.0,6.0,Phylloscopus humei,Hume's Warbler,0.9884,XC698040,,,,,,,,
6.0,9.0,Phylloscopus humei,Hume's Warbler,0.9956,XC698040,,,,,,,,
9.0,12.0,Phylloscopus humei,Hume's Warbler,0.9824,XC698040,,,,,,,,
12.0,15.0,Phylloscopus humei,Hume's Warbler,0.9561,XC698040,,,,,,,,
18.0,21.0,Phylloscopus humei,Hume's Warbler,0.9946,XC698040,,,,,,,,
21.0,24.0,Phylloscopus humei,Hume's Warbler,0.9975,XC698040,,,,,,,,
24.0,27.0,Phylloscopus humei,Hume's Warbler,0.9574,XC698040,,,,,,,,
27.0,30.0,Phylloscopus humei,Hume's Warbler,0.9766,XC698040,,,,,,,,
30.0,33.0,Phylloscopus humei,Hume's Warbler,0.9751,XC698040,,,,,,,,
33.0,36.0,Phylloscopus humei,Hume's Warbler,0.9967,XC698040,,,,,,,,
36.0,39.0,Phylloscopus humei,Hume's Warbler,0.9741,XC698040,,,,,,,,
39.0,42.0,Phylloscopus humei,Hume's Warbler,0.9901,XC698040,,,,,,,,
3.0,6.0,Phylloscopus inornatus,Yellow-browed Warbler,0.9927,XC446149,,,,,,,,
12.0,15.0,Phylloscopus inornatus,Yellow-browed Warbler,0.976,XC446149,,,,,,,,
18.0,21.0,Phylloscopus humei,Hume's Warbler,0.9902,XC446149,,,,,,,,
21.0,24.0,Phylloscopus humei,Hume's Warbler,0.9913,XC446149,,,,,,,,
24.0,27.0,Phylloscopus humei,Hume's Warbler,0.997,XC446149,,,,,,,,
27.0,30.0,Phylloscopus humei,Hume's Warbler,0.9969,XC446149,,,,,,,,
30.0,33.0,Phylloscopus humei,Hume's Warbler,0.9979,XC446149,,,,,,,,
33.0,36.0,Phylloscopus humei,Hume's Warbler,0.9974,XC446149,,,,,,,,
36.0,39.0,Phylloscopus humei,Hume's Warbler,0.9923,XC446149,,,,,,,,
39.0,42.0,Phylloscopus humei,Hume's Warbler,0.9839,XC446149,,,,,,,,
42.0,45.0,Phylloscopus humei,Hume's Warbler,0.9854,XC446149,,,,,,,,
3.0,6.0,Phylloscopus humei,Hume's Warbler,0.9861,XC145184,,,,,,,,
9.0,12.0,Phylloscopus humei,Hume's Warbler,0.9622,XC145184,,,,,,,,
12.0,15.0,Phylloscopus humei,Hume's Warbler,0.969,XC145184,,,,,,,,
15.0,18.0,Phylloscopus humei,Hume's Warbler,0.9904,XC145184,,,,,,,,
18.0,21.0,Phylloscopus humei,Hume's Warbler,0.9979,XC145184,,,,,,,,
21.0,24.0,Phylloscopus humei,Hume's Warbler,0.9849,XC145184,,,,,,,,
24.0,27.0,Phylloscopus humei,Hume's Warbler,0.9947,XC145184,,,,,,,,
27.0,30.0,Phylloscopus humei,Hume's Warbler,0.986,XC145184,,,,,,,,
30.0,33.0,Phylloscopus humei,Hume's Warbler,0.9624,XC145184,,,,,,,,
33.0,36.0,Phylloscopus humei,Hume's Warbler,0.9621,XC145184,,,,,,,,
36.0,39.0,Phylloscopus humei,Hume's Warbler,0.9967,XC145184,,,,,,,,
39.0,42.0,Phylloscopus humei,Hume's Warbler,0.9956,XC145184,,,,,,,,
42.0,45.0,Phylloscopus humei,Hume's Warbler,0.9642,XC145184,,,,,,,,
0.0,3.0,Phylloscopus humei,Hume's Warbler,0.992,XC698042,,,,,,,,
3.0,6.0,Phylloscopus humei,Hume's Warbler,0.9973,XC698042,,,,,,,,
12.0,15.0,Phylloscopus humei,Hume's Warbler,0.9936,XC698042,,,,,,,,
15.0,18.0,Phylloscopus humei,Hume's Warbler,0.9946,XC698042,,,,,,,,
18.0,21.0,Phylloscopus humei,Hume's Warbler,0.9747,XC698042,,,,,,,,
27.0,30.0,Phylloscopus humei,Hume's Warbler,0.9719,XC698042,,,,,,,,
30.0,33.0,Phylloscopus humei,Hume's Warbler,0.991,XC698042,,,,,,,,
39.0,42.0,Phylloscopus humei,Hume's Warbler,0.9893,XC698042,,,,,,,,
45.0,48.0,Phylloscopus humei,Hume's Warbler,0.9859,XC698042,,,,,,,,
0.0,3.0,Phylloscopus humei,Hume's Warbler,0.9724,XC786079,,,,,,,,
6.0,9.0,Phylloscopus humei,Hume's Warbler,0.9702,XC786079,,,,,,,,
15.0,18.0,Phylloscopus humei,Hume's Warbler,0.936,XC786079,,,,,,,,
24.0,27.0,Phylloscopus humei,Hume's Warbler,0.9311,XC786079,,,,,,,,
30.0,33.0,Phylloscopus humei,Hume's Warbler,0.9876,XC786079,,,,,,,,
33.0,36.0,Phylloscopus humei,Hume's Warbler,0.9379,XC786079,,,,,,,,
39.0,42.0,Phylloscopus humei,Hume's Warbler,0.9415,XC786079,,,,,,,,
0.0,3.0,Phylloscopus humei,Hume's Warbler,0.9373,XC128097,,,,,,,,
3.0,6.0,Phylloscopus humei,Hume's Warbler,0.9636,XC128097,,,,,,,,
9.0,12.0,Phylloscopus humei,Hume's Warbler,0.9076,XC128097,,,,,,,,
21.0,24.0,Phylloscopus humei,Hume's Warbler,0.9463,XC128097,,,,,,,,
24.0,27.0,Phylloscopus humei,Hume's Warbler,0.9674,XC128097,,,,,,,,
33.0,36.0,Phylloscopus humei,Hume's Warbler,0.9576,XC128097,,,,,,,,
45.0,48.0,Phylloscopus humei,Hume's Warbler,0.9412,XC128097,,,,,,,,
60.0,63.0,Phylloscopus humei,Hume's Warbler,0.9372,XC128097,,,,,,,,
63.0,66.0,Phylloscopus humei,Hume's Warbler,0.9066,XC128097,,,,,,,,
0.0,3.0,Phylloscopus humei,Hume's Warbler,0.9697,XC782350,,,,,,,,
3.0,6.0,Phylloscopus humei,Hume's Warbler,0.9188,XC782350,,,,,,,,
6.0,9.0,Phylloscopus humei,Hume's Warbler,0.9548,XC782350,,,,,,,,
18.0,21.0,Phylloscopus humei,Hume's Warbler,0.9049,XC782350,,,,,,,,
24.0,27.0,Phylloscopus humei,Hume's Warbler,0.9824,XC782350,,,,,,,,
27.0,30.0,Alectoris rufa,Red-legged Partridge,0.9038,XC782350,,,,,,,,
57.0,60.0,Phylloscopus humei,Hume's Warbler,0.9584,XC782350,,,,,,,,
60.0,63.0,Phylloscopus humei,Hume's Warbler,0.9044,XC782350,,,,,,,,
63.0,66.0,Phylloscopus humei,Hume's Warbler,0.9823,XC782350,,,,,,,,
66.0,69.0,Phylloscopus humei,Hume's Warbler,0.9267,XC782350,,,,,,,,
69.0,72.0,Phylloscopus humei,Hume's Warbler,0.9869,XC782350,,,,,,,,
72.0,75.0,Phylloscopus humei,Hume's Warbler,0.9535,XC782350,,,,,,,,
75.0,78.0,Phylloscopus humei,Hume's Warbler,0.9083,XC782350,,,,,,,,
78.0,81.0,Phylloscopus humei,Hume's Warbler,0.9056,XC782350,,,,,,,,
81.0,84.0,Phylloscopus humei,Hume's Warbler,0.9351,XC782350,,,,,,,,
87.0,90.0,Phylloscopus humei,Hume's Warbler,0.9626,XC782350,,,,,,,,
3.0,6.0,Phylloscopus humei,Hume's Warbler,0.9922,XC162535,,,,,,,,
15.0,18.0,Phylloscopus humei,Hume's Warbler,0.9849,XC162535,,,,,,,,
24.0,27.0,Phylloscopus humei,Hume's Warbler,0.9605,XC162535,,,,,,,,
33.0,36.0,Phylloscopus humei,Hume's Warbler,0.9986,XC162535,,,,,,,,
0.0,3.0,Phylloscopus humei,Hume's Warbler,0.9999,XC180338,,,,,,,,
6.0,9.0,Phylloscopus humei,Hume's Warbler,0.9999,XC180338,,,,,,,,
15.0,18.0,Phylloscopus humei,Hume's Warbler,0.9468,XC180338,,,,,,,,
21.0,24.0,Phylloscopus humei,Hume's Warbler,0.9478,XC180338,,,,,,,,
24.0,27.0,Phylloscopus humei,Hume's Warbler,0.9037,XC180338,,,,,,,,
27.0,30.0,Phylloscopus humei,Hume's Warbler,0.998,XC180338,,,,,,,,
30.0,33.0,Phylloscopus humei,Hume's Warbler,0.9967,XC180338,,,,,,,,
42.0,45.0,Phylloscopus humei,Hume's Warbler,0.9955,XC180338,,,,,,,,
45.0,48.0,Phylloscopus humei,Hume's Warbler,0.9878,XC180338,,,,,,,,
48.0,51.0,Phylloscopus humei,Hume's Warbler,0.9976,XC180338,,,,,,,,
51.0,54.0,Phylloscopus humei,Hume's Warbler,0.9869,XC180338,,,,,,,,
54.0,57.0,Phylloscopus humei,Hume's Warbler,0.9713,XC180338,,,,,,,,
57.0,60.0,Phylloscopus humei,Hume's Warbler,0.9986,XC180338,,,,,,,,
60.0,63.0,Phylloscopus humei,Hume's Warbler,0.934,XC180338,,,,,,,,
66.0,69.0,Phylloscopus humei,Hume's Warbler,0.9772,XC180338,,,,,,,,
69.0,72.0,Phylloscopus humei,Hume's Warbler,0.9134,XC180338,,,,,,,,
78.0,81.0,Phylloscopus humei,Hume's Warbler,0.9003,XC180338,,,,,,,,
90.0,93.0,Phylloscopus humei,Hume's Warbler,0.9986,XC180338,,,,,,,,
93.0,96.0,Phylloscopus humei,Hume's Warbler,0.9877,XC180338,,,,,,,,
99.0,102.0,Phylloscopus humei,Hume's Warbler,0.9549,XC180338,,,,,,,,
0.0,3.0,Phylloscopus humei,Hume's Warbler,0.9989,XC738540,,,,,,,,
3.0,6.0,Phylloscopus humei,Hume's Warbler,0.9539,XC738540,,,,,,,,
6.0,9.0,Phylloscopus humei,Hume's Warbler,0.9683,XC738540,,,,,,,,
9.0,12.0,Phylloscopus humei,Hume's Warbler,0.9756,XC738540,,,,,,,,
12.0,15.0,Phylloscopus humei,Hume's Warbler,0.9637,XC738540,,,,,,,,
24.0,27.0,Phylloscopus humei,Hume's Warbler,0.9835,XC738540,,,,,,,,
27.0,30.0,Phylloscopus humei,Hume's Warbler,0.9948,XC738540,,,,,,,,
33.0,36.0,Phylloscopus humei,Hume's Warbler,0.9859,XC738540,,,,,,,,
36.0,39.0,Phylloscopus humei,Hume's Warbler,0.9915,XC738540,,,,,,,,
42.0,45.0,Phylloscopus humei,Hume's Warbler,0.9956,XC738540,,,,,,,,
54.0,57.0,Phylloscopus humei,Hume's Warbler,0.9945,XC738540,,,,,,,,
60.0,63.0,Phylloscopus humei,Hume's Warbler,0.9085,XC738540,,,,,,,,
63.0,66.0,Phylloscopus humei,Hume's Warbler,0.9998,XC738540,,,,,,,,
69.0,72.0,Phylloscopus humei,Hume's Warbler,0.9204,XC738540,,,,,,,,
72.0,75.0,Phylloscopus humei,Hume's Warbler,0.9795,XC738540,,,,,,,,
75.0,78.0,Phylloscopus humei,Hume's Warbler,0.9949,XC738540,,,,,,,,
78.0,81.0,Phylloscopus humei,Hume's Warbler,0.9685,XC738540,,,,,,,,
84.0,87.0,Phylloscopus humei,Hume's Warbler,0.9802,XC738540,,,,,,,,
87.0,90.0,Phylloscopus humei,Hume's Warbler,0.9856,XC738540,,,,,,,,
93.0,96.0,Phylloscopus humei,Hume's Warbler,0.9717,XC738540,,,,,,,,
102.0,105.0,Phylloscopus humei,Hume's Warbler,0.9911,XC738540,,,,,,,,
105.0,108.0,Phylloscopus humei,Hume's Warbler,0.9984,XC738540,,,,,,,,
108.0,111.0,Phylloscopus humei,Hume's Warbler,0.9943,XC738540,,,,,,,,
114.0,117.0,Phylloscopus humei,Hume's Warbler,0.9714,XC738540,,,,,,,,
21.0,24.0,Phylloscopus humei,Hume's Warbler,0.9468,XC43638,,,,,,,,
0.0,3.0,Phylloscopus humei,Hume's Warbler,0.9973,XC450986,,,,,,,,
6.0,9.0,Phylloscopus humei,Hume's Warbler,0.9611,XC450986,,,,,,,,
18.0,21.0,Phylloscopus humei,Hume's Warbler,0.9863,XC450986,,,,,,,,
24.0,27.0,Phylloscopus humei,Hume's Warbler,0.9684,XC450986,,,,,,,,
0.0,3.0,Phylloscopus humei,Hume's Warbler,0.9715,XC162534,,,,,,,,
3.0,6.0,Phylloscopus humei,Hume's Warbler,0.9755,XC162534,,,,,,,,
15.0,18.0,Phylloscopus humei,Hume's Warbler,0.9996,XC162534,,,,,,,,
33.0,36.0,Phylloscopus humei,Hume's Warbler,0.9098,XC162534,,,,,,,,
0.0,3.0,Phylloscopus humei,Hume's Warbler,0.9983,XC472914,,,,,,,,
3.0,6.0,Phylloscopus humei,Hume's Warbler,0.9985,XC472914,,,,,,,,
6.0,9.0,Phylloscopus humei,Hume's Warbler,0.9555,XC472914,,,,,,,,
9.0,12.0,Phylloscopus humei,Hume's Warbler,0.9914,XC472914,,,,,,,,
21.0,24.0,Phylloscopus humei,Hume's Warbler,0.999,XC472914,,,,,,,,
30.0,33.0,Phylloscopus humei,Hume's Warbler,0.9921,XC472914,,,,,,,,
33.0,36.0,Phylloscopus humei,Hume's Warbler,0.943,XC472914,,,,,,,,
0.0,3.0,Phylloscopus humei,Hume's Warbler,0.9926,XC162554,,,,,,,,
3.0,6.0,Phylloscopus humei,Hume's Warbler,0.9995,XC162554,,,,,,,,
6.0,9.0,Phylloscopus humei,Hume's Warbler,0.9859,XC162554,,,,,,,,
18.0,21.0,Phylloscopus humei,Hume's Warbler,0.9826,XC162554,,,,,,,,
24.0,27.0,Phylloscopus humei,Hume's Warbler,0.991,XC162554,,,,,,,,
27.0,30.0,Phylloscopus humei,Hume's Warbler,0.9103,XC162554,,,,,,,,
30.0,33.0,Phylloscopus humei,Hume's Warbler,0.9856,XC162554,,,,,,,,
36.0,39.0,Phylloscopus humei,Hume's Warbler,0.9338,XC162554,,,,,,,,
42.0,45.0,Phylloscopus humei,Hume's Warbler,0.982,XC162554,,,,,,,,
48.0,51.0,Phylloscopus humei,Hume's Warbler,0.9669,XC162554,,,,,,,,
9.0,12.0,Phylloscopus humei,Hume's Warbler,0.9528,XC770059,,,,,,,,
12.0,15.0,Phylloscopus humei,Hume's Warbler,0.9714,XC770059,,,,,,,,
18.0,21.0,Phylloscopus humei,Hume's Warbler,0.9777,XC770059,,,,,,,,
27.0,30.0,Phylloscopus humei,Hume's Warbler,0.91,XC770059,,,,,,,,
0.0,3.0,Phylloscopus humei,Hume's Warbler,0.9607,XC414467,,,,,,,,
3.0,6.0,Phylloscopus humei,Hume's Warbler,0.9589,XC414467,,,,,,,,
6.0,9.0,Phylloscopus humei,Hume's Warbler,0.9997,XC414467,,,,,,,,
18.0,21.0,Phylloscopus humei,Hume's Warbler,0.9302,XC414467,,,,,,,,
21.0,24.0,Phylloscopus humei,Hume's Warbler,0.9943,XC414467,,,,,,,,
27.0,30.0,Phylloscopus humei,Hume's Warbler,0.9998,XC414467,,,,,,,,
30.0,33.0,Phylloscopus humei,Hume's Warbler,0.9289,XC414467,,,,,,,,
33.0,36.0,Phylloscopus humei,Hume's Warbler,0.9963,XC414467,,,,,,,,
39.0,42.0,Phylloscopus humei,Hume's Warbler,0.9984,XC414467,,,,,,,,
42.0,45.0,Phylloscopus humei,Hume's Warbler,0.9933,XC414467,,,,,,,,
48.0,51.0,Phylloscopus humei,Hume's Warbler,0.997,XC414467,,,,,,,,
51.0,54.0,Phylloscopus humei,Hume's Warbler,0.9018,XC414467,,,,,,,,
54.0,57.0,Phylloscopus humei,Hume's Warbler,0.9978,XC414467,,,,,,,,
60.0,63.0,Phylloscopus humei,Hume's Warbler,0.9863,XC414467,,,,,,,,
63.0,66.0,Phylloscopus humei,Hume's Warbler,0.9998,XC414467,,,,,,,,
66.0,69.0,Phylloscopus humei,Hume's Warbler,0.9824,XC414467,,,,,,,,
69.0,72.0,Phylloscopus humei,Hume's Warbler,0.9973,XC414467,,,,,,,,
72.0,75.0,Phylloscopus humei,Hume's Warbler,0.9973,XC414467,,,,,,,,
78.0,81.0,Phylloscopus humei,Hume's Warbler,0.9728,XC414467,,,,,,,,
81.0,84.0,Phylloscopus humei,Hume's Warbler,0.9994,XC414467,,,,,,,,
0.0,3.0,Phylloscopus humei,Hume's Warbler,0.9516,XC304209,,,,,,,,
27.0,30.0,Phylloscopus humei,Hume's Warbler,0.9259,XC304209,,,,,,,,
33.0,36.0,Phylloscopus humei,Hume's Warbler,0.9677,XC304209,,,,,,,,
69.0,72.0,Phylloscopus humei,Hume's Warbler,0.9098,XC304209,,,,,,,,
